{"images/basketball.png":["images/basketball.png"],"images/cricket.jpeg":["images/cricket.jpeg"],"images/football.jpeg":["images/football.jpeg"],"images/logo.png":["images/logo.png"],"packages/animated_icon/assets/activity.json":["packages/animated_icon/assets/activity.json"],"packages/animated_icon/assets/add.json":["packages/animated_icon/assets/add.json"],"packages/animated_icon/assets/alphabetical_sorting.json":["packages/animated_icon/assets/alphabetical_sorting.json"],"packages/animated_icon/assets/angel.json":["packages/animated_icon/assets/angel.json"],"packages/animated_icon/assets/battery.json":["packages/animated_icon/assets/battery.json"],"packages/animated_icon/assets/bell.json":["packages/animated_icon/assets/bell.json"],"packages/animated_icon/assets/birthday_cake.json":["packages/animated_icon/assets/birthday_cake.json"],"packages/animated_icon/assets/block_mic.json":["packages/animated_icon/assets/block_mic.json"],"packages/animated_icon/assets/bookmark.json":["packages/animated_icon/assets/bookmark.json"],"packages/animated_icon/assets/calculator.json":["packages/animated_icon/assets/calculator.json"],"packages/animated_icon/assets/calendar-tear.json":["packages/animated_icon/assets/calendar-tear.json"],"packages/animated_icon/assets/calendar.json":["packages/animated_icon/assets/calendar.json"],"packages/animated_icon/assets/chat-message.json":["packages/animated_icon/assets/chat-message.json"],"packages/animated_icon/assets/checkbox.json":["packages/animated_icon/assets/checkbox.json"],"packages/animated_icon/assets/checkmark_ok.json":["packages/animated_icon/assets/checkmark_ok.json"],"packages/animated_icon/assets/circles_menu_2.json":["packages/animated_icon/assets/circles_menu_2.json"],"packages/animated_icon/assets/circles_menu_3.json":["packages/animated_icon/assets/circles_menu_3.json"],"packages/animated_icon/assets/clear-symbol.json":["packages/animated_icon/assets/clear-symbol.json"],"packages/animated_icon/assets/clock.json":["packages/animated_icon/assets/clock.json"],"packages/animated_icon/assets/cloud.json":["packages/animated_icon/assets/cloud.json"],"packages/animated_icon/assets/compass.json":["packages/animated_icon/assets/compass.json"],"packages/animated_icon/assets/confused.json":["packages/animated_icon/assets/confused.json"],"packages/animated_icon/assets/cool.json":["packages/animated_icon/assets/cool.json"],"packages/animated_icon/assets/cross.json":["packages/animated_icon/assets/cross.json"],"packages/animated_icon/assets/crying.json":["packages/animated_icon/assets/crying.json"],"packages/animated_icon/assets/day_night_weather.json":["packages/animated_icon/assets/day_night_weather.json"],"packages/animated_icon/assets/demo.png":["packages/animated_icon/assets/demo.png"],"packages/animated_icon/assets/diamond.json":["packages/animated_icon/assets/diamond.json"],"packages/animated_icon/assets/discount.json":["packages/animated_icon/assets/discount.json"],"packages/animated_icon/assets/document.json":["packages/animated_icon/assets/document.json"],"packages/animated_icon/assets/dollar.json":["packages/animated_icon/assets/dollar.json"],"packages/animated_icon/assets/down-arrow.json":["packages/animated_icon/assets/down-arrow.json"],"packages/animated_icon/assets/download.json":["packages/animated_icon/assets/download.json"],"packages/animated_icon/assets/drag-left.json":["packages/animated_icon/assets/drag-left.json"],"packages/animated_icon/assets/drag-right.json":["packages/animated_icon/assets/drag-right.json"],"packages/animated_icon/assets/edit.json":["packages/animated_icon/assets/edit.json"],"packages/animated_icon/assets/edit_cancel.json":["packages/animated_icon/assets/edit_cancel.json"],"packages/animated_icon/assets/edit_ok.json":["packages/animated_icon/assets/edit_ok.json"],"packages/animated_icon/assets/expensive.json":["packages/animated_icon/assets/expensive.json"],"packages/animated_icon/assets/eye.json":["packages/animated_icon/assets/eye.json"],"packages/animated_icon/assets/fatal-error.json":["packages/animated_icon/assets/fatal-error.json"],"packages/animated_icon/assets/favorite_folder.json":["packages/animated_icon/assets/favorite_folder.json"],"packages/animated_icon/assets/file.json":["packages/animated_icon/assets/file.json"],"packages/animated_icon/assets/fog_weather.json":["packages/animated_icon/assets/fog_weather.json"],"packages/animated_icon/assets/fullscreen.json":["packages/animated_icon/assets/fullscreen.json"],"packages/animated_icon/assets/gmail.json":["packages/animated_icon/assets/gmail.json"],"packages/animated_icon/assets/heart.json":["packages/animated_icon/assets/heart.json"],"packages/animated_icon/assets/heart_2.json":["packages/animated_icon/assets/heart_2.json"],"packages/animated_icon/assets/home.json":["packages/animated_icon/assets/home.json"],"packages/animated_icon/assets/hourglass.json":["packages/animated_icon/assets/hourglass.json"],"packages/animated_icon/assets/in_love.json":["packages/animated_icon/assets/in_love.json"],"packages/animated_icon/assets/info-click.json":["packages/animated_icon/assets/info-click.json"],"packages/animated_icon/assets/internet.json":["packages/animated_icon/assets/internet.json"],"packages/animated_icon/assets/iphone_spinner.json":["packages/animated_icon/assets/iphone_spinner.json"],"packages/animated_icon/assets/laughing.json":["packages/animated_icon/assets/laughing.json"],"packages/animated_icon/assets/left_right.json":["packages/animated_icon/assets/left_right.json"],"packages/animated_icon/assets/list.json":["packages/animated_icon/assets/list.json"],"packages/animated_icon/assets/live-video-on.json":["packages/animated_icon/assets/live-video-on.json"],"packages/animated_icon/assets/loading_1.json":["packages/animated_icon/assets/loading_1.json"],"packages/animated_icon/assets/loading_2.json":["packages/animated_icon/assets/loading_2.json"],"packages/animated_icon/assets/loading_3.json":["packages/animated_icon/assets/loading_3.json"],"packages/animated_icon/assets/loading_4.json":["packages/animated_icon/assets/loading_4.json"],"packages/animated_icon/assets/loading_5.json":["packages/animated_icon/assets/loading_5.json"],"packages/animated_icon/assets/loading_6.json":["packages/animated_icon/assets/loading_6.json"],"packages/animated_icon/assets/loading_7.json":["packages/animated_icon/assets/loading_7.json"],"packages/animated_icon/assets/map.json":["packages/animated_icon/assets/map.json"],"packages/animated_icon/assets/map_pointer.json":["packages/animated_icon/assets/map_pointer.json"],"packages/animated_icon/assets/menu.json":["packages/animated_icon/assets/menu.json"],"packages/animated_icon/assets/menu_arrow.json":["packages/animated_icon/assets/menu_arrow.json"],"packages/animated_icon/assets/missed_call.json":["packages/animated_icon/assets/missed_call.json"],"packages/animated_icon/assets/mute.json":["packages/animated_icon/assets/mute.json"],"packages/animated_icon/assets/neutral_face.json":["packages/animated_icon/assets/neutral_face.json"],"packages/animated_icon/assets/no_comments.json":["packages/animated_icon/assets/no_comments.json"],"packages/animated_icon/assets/numerical_sorting.json":["packages/animated_icon/assets/numerical_sorting.json"],"packages/animated_icon/assets/paid.json":["packages/animated_icon/assets/paid.json"],"packages/animated_icon/assets/pause.json":["packages/animated_icon/assets/pause.json"],"packages/animated_icon/assets/play_stop.json":["packages/animated_icon/assets/play_stop.json"],"packages/animated_icon/assets/play_stop_2.json":["packages/animated_icon/assets/play_stop_2.json"],"packages/animated_icon/assets/power-off-button.json":["packages/animated_icon/assets/power-off-button.json"],"packages/animated_icon/assets/print.json":["packages/animated_icon/assets/print.json"],"packages/animated_icon/assets/puzzled.json":["packages/animated_icon/assets/puzzled.json"],"packages/animated_icon/assets/qr-code.json":["packages/animated_icon/assets/qr-code.json"],"packages/animated_icon/assets/refresh.json":["packages/animated_icon/assets/refresh.json"],"packages/animated_icon/assets/rotate.json":["packages/animated_icon/assets/rotate.json"],"packages/animated_icon/assets/save-changes.json":["packages/animated_icon/assets/save-changes.json"],"packages/animated_icon/assets/settings.json":["packages/animated_icon/assets/settings.json"],"packages/animated_icon/assets/share.json":["packages/animated_icon/assets/share.json"],"packages/animated_icon/assets/shocker.json":["packages/animated_icon/assets/shocker.json"],"packages/animated_icon/assets/sign-out.json":["packages/animated_icon/assets/sign-out.json"],"packages/animated_icon/assets/silent.json":["packages/animated_icon/assets/silent.json"],"packages/animated_icon/assets/skateboarding.json":["packages/animated_icon/assets/skateboarding.json"],"packages/animated_icon/assets/skip_backwards.json":["packages/animated_icon/assets/skip_backwards.json"],"packages/animated_icon/assets/skip_forwards.json":["packages/animated_icon/assets/skip_forwards.json"],"packages/animated_icon/assets/sleeping.json":["packages/animated_icon/assets/sleeping.json"],"packages/animated_icon/assets/smile.json":["packages/animated_icon/assets/smile.json"],"packages/animated_icon/assets/spinning_arrows.json":["packages/animated_icon/assets/spinning_arrows.json"],"packages/animated_icon/assets/submit_progress.json":["packages/animated_icon/assets/submit_progress.json"],"packages/animated_icon/assets/thumb_up.json":["packages/animated_icon/assets/thumb_up.json"],"packages/animated_icon/assets/toggle.json":["packages/animated_icon/assets/toggle.json"],"packages/animated_icon/assets/tongue_out.json":["packages/animated_icon/assets/tongue_out.json"],"packages/animated_icon/assets/trash_bin.json":["packages/animated_icon/assets/trash_bin.json"],"packages/animated_icon/assets/tune.json":["packages/animated_icon/assets/tune.json"],"packages/animated_icon/assets/unlock.json":["packages/animated_icon/assets/unlock.json"],"packages/animated_icon/assets/upload.json":["packages/animated_icon/assets/upload.json"],"packages/animated_icon/assets/volume.json":["packages/animated_icon/assets/volume.json"],"packages/animated_icon/assets/vomited.json":["packages/animated_icon/assets/vomited.json"],"packages/animated_icon/assets/walk.json":["packages/animated_icon/assets/walk.json"],"packages/animated_icon/assets/wifi_search.json":["packages/animated_icon/assets/wifi_search.json"],"packages/animated_icon/assets/wink.json":["packages/animated_icon/assets/wink.json"],"packages/animated_icon/assets/zoom.json":["packages/animated_icon/assets/zoom.json"],"packages/cupertino_icons/assets/CupertinoIcons.ttf":["packages/cupertino_icons/assets/CupertinoIcons.ttf"],"packages/flutter_inappwebview/assets/t_rex_runner/t-rex.css":["packages/flutter_inappwebview/assets/t_rex_runner/t-rex.css"],"packages/flutter_inappwebview/assets/t_rex_runner/t-rex.html":["packages/flutter_inappwebview/assets/t_rex_runner/t-rex.html"],"packages/flutter_inappwebview_web/assets/web/web_support.js":["packages/flutter_inappwebview_web/assets/web/web_support.js"],"packages/font_awesome_flutter/lib/fonts/fa-brands-400.ttf":["packages/font_awesome_flutter/lib/fonts/fa-brands-400.ttf"],"packages/font_awesome_flutter/lib/fonts/fa-regular-400.ttf":["packages/font_awesome_flutter/lib/fonts/fa-regular-400.ttf"],"packages/font_awesome_flutter/lib/fonts/fa-solid-900.ttf":["packages/font_awesome_flutter/lib/fonts/fa-solid-900.ttf"],"packages/wakelock_plus/assets/no_sleep.js":["packages/wakelock_plus/assets/no_sleep.js"],"packages/youtube_player_flutter/assets/speedometer.webp":["packages/youtube_player_flutter/assets/speedometer.webp"]}